Category Name,Category Link,Last Modified,Change Frequency,Priority
360 degree feedback software ,https://www.capterra.com/360-degree-feedback-software/,2020-12-16T22:45:04Z,daily,0.9
3d architecture software ,https://www.capterra.com/3d-architecture-software/,2020-12-16T22:45:04Z,daily,0.9
3d cad software ,https://www.capterra.com/3d-cad-software/,2020-12-16T22:45:04Z,daily,0.9
ab testing software ,https://www.capterra.com/ab-testing-software/,2020-12-16T22:45:04Z,daily,0.9
account based marketing software ,https://www.capterra.com/account-based-marketing-software/,2020-12-16T22:45:04Z,daily,0.9
accounting software ,https://www.capterra.com/accounting-software/,2020-12-16T22:45:04Z,daily,0.9
accounting practice management software ,https://www.capterra.com/accounting-practice-management-software/,2020-12-16T22:45:04Z,daily,0.9
accounts payable software ,https://www.capterra.com/accounts-payable-software/,2020-12-16T22:45:04Z,daily,0.9
accounts receivable software ,https://www.capterra.com/accounts-receivable-software/,2020-12-16T22:45:04Z,daily,0.9
accreditation management software ,https://www.capterra.com/accreditation-management-software/,2020-12-16T22:45:04Z,daily,0.9
ad server software ,https://www.capterra.com/ad-server-software/,2020-12-16T22:45:04Z,daily,0.9
admissions software ,https://www.capterra.com/admissions-software/,2020-12-16T22:45:04Z,daily,0.9
advertising agency software ,https://www.capterra.com/advertising-agency-software/,2020-12-16T22:45:04Z,daily,0.9
advocacy software ,https://www.capterra.com/advocacy-software/,2020-12-16T22:45:04Z,daily,0.9
affiliate software ,https://www.capterra.com/affiliate-software/,2020-12-16T22:45:04Z,daily,0.9
agile project management tools software ,https://www.capterra.com/agile-project-management-tools-software/,2020-12-16T22:45:04Z,daily,0.9
airline reservation system software ,https://www.capterra.com/airline-reservation-system-software/,2020-12-16T22:45:04Z,daily,0.9
all in one marketing software ,https://www.capterra.com/all-in-one-marketing-software/,2020-12-16T22:45:04Z,daily,0.9
alumni management software ,https://www.capterra.com/alumni-management-software/,2020-12-16T22:45:04Z,daily,0.9
aml software ,https://www.capterra.com/aml-software/,2020-12-16T22:45:04Z,daily,0.9
android kiosk software ,https://www.capterra.com/android-kiosk-software/,2020-12-16T22:45:04Z,daily,0.9
animal shelter software ,https://www.capterra.com/animal-shelter-software/,2020-12-16T22:45:04Z,daily,0.9
anti spam software ,https://www.capterra.com/anti-spam-software/,2020-12-16T22:45:04Z,daily,0.9
api management software ,https://www.capterra.com/api-management-software/,2020-12-16T22:45:04Z,daily,0.9
app building software ,https://www.capterra.com/app-building-software/,2020-12-16T22:45:04Z,daily,0.9
app design software ,https://www.capterra.com/app-design-software/,2020-12-16T22:45:04Z,daily,0.9
app store optimization tools software ,https://www.capterra.com/app-store-optimization-tools-software/,2020-12-16T22:45:04Z,daily,0.9
apparel management software ,https://www.capterra.com/apparel-management-software/,2020-12-16T22:45:04Z,daily,0.9
applicant tracking software ,https://www.capterra.com/applicant-tracking-software/,2020-12-16T22:45:04Z,daily,0.9
application development software ,https://www.capterra.com/application-development-software/,2020-12-16T22:45:04Z,daily,0.9
application lifecycle management software ,https://www.capterra.com/application-lifecycle-management-software/,2020-12-16T22:45:04Z,daily,0.9
application performance management software ,https://www.capterra.com/application-performance-management-software/,2020-12-16T22:45:04Z,daily,0.9
applied behavior analysis software ,https://www.capterra.com/applied-behavior-analysis-software/,2020-12-16T22:45:04Z,daily,0.9
appointment reminder software ,https://www.capterra.com/appointment-reminder-software/,2020-12-16T22:45:04Z,daily,0.9
appointment scheduling software ,https://www.capterra.com/appointment-scheduling-software/,2020-12-16T22:45:04Z,daily,0.9
arborist software ,https://www.capterra.com/arborist-software/,2020-12-16T22:45:04Z,daily,0.9
architectural cad software ,https://www.capterra.com/architectural-cad-software/,2020-12-16T22:45:04Z,daily,0.9
architecture software ,https://www.capterra.com/architecture-software/,2020-12-16T22:45:04Z,daily,0.9
archiving software ,https://www.capterra.com/archiving-software/,2020-12-16T22:45:04Z,daily,0.9
art gallery software ,https://www.capterra.com/art-gallery-software/,2020-12-16T22:45:04Z,daily,0.9
artificial intelligence software ,https://www.capterra.com/artificial-intelligence-software/,2020-12-16T22:45:04Z,daily,0.9
assessment software ,https://www.capterra.com/assessment-software/,2020-12-16T22:45:04Z,daily,0.9
asset tracking software ,https://www.capterra.com/asset-tracking-software/,2020-12-16T22:45:04Z,daily,0.9
assisted living software ,https://www.capterra.com/assisted-living-software/,2020-12-16T22:45:04Z,daily,0.9
association management software ,https://www.capterra.com/association-management-software/,2020-12-16T22:45:04Z,daily,0.9
attendance tracking software ,https://www.capterra.com/attendance-tracking-software/,2020-12-16T22:45:04Z,daily,0.9
auction software ,https://www.capterra.com/auction-software/,2020-12-16T22:45:04Z,daily,0.9
audience response software ,https://www.capterra.com/audience-response-software/,2020-12-16T22:45:04Z,daily,0.9
audio editing software ,https://www.capterra.com/audio-editing-software/,2020-12-16T22:45:04Z,daily,0.9
audit software ,https://www.capterra.com/audit-software/,2020-12-16T22:45:04Z,daily,0.9
augmented reality software ,https://www.capterra.com/augmented-reality-software/,2020-12-16T22:45:04Z,daily,0.9
authentication software ,https://www.capterra.com/authentication-software/,2020-12-16T22:45:04Z,daily,0.9
auto body software ,https://www.capterra.com/auto-body-software/,2020-12-16T22:45:04Z,daily,0.9
auto dealer software ,https://www.capterra.com/auto-dealer-software/,2020-12-16T22:45:04Z,daily,0.9
auto dealer accounting software ,https://www.capterra.com/auto-dealer-accounting-software/,2020-12-16T22:45:04Z,daily,0.9
auto dialer software ,https://www.capterra.com/auto-dialer-software/,2020-12-16T22:45:04Z,daily,0.9
auto repair software ,https://www.capterra.com/auto-repair-software/,2020-12-16T22:45:04Z,daily,0.9
automated testing software ,https://www.capterra.com/automated-testing-software/,2020-12-16T22:45:04Z,daily,0.9
aviation maintenance software ,https://www.capterra.com/aviation-maintenance-software/,2020-12-16T22:45:04Z,daily,0.9
b2b ecommerce platform software ,https://www.capterra.com/b2b-ecommerce-platform-software/,2020-12-16T22:45:04Z,daily,0.9
background check software ,https://www.capterra.com/background-check-software/,2020-12-16T22:45:04Z,daily,0.9
backup software ,https://www.capterra.com/backup-software/,2020-12-16T22:45:04Z,daily,0.9
bakery software ,https://www.capterra.com/bakery-software/,2020-12-16T22:45:04Z,daily,0.9
banking systems software ,https://www.capterra.com/banking-systems-software/,2020-12-16T22:45:04Z,daily,0.9
bankruptcy software ,https://www.capterra.com/bankruptcy-software/,2020-12-16T22:45:04Z,daily,0.9
bar pos software ,https://www.capterra.com/bar-pos-software/,2020-12-16T22:45:04Z,daily,0.9
barbershop software ,https://www.capterra.com/barbershop-software/,2020-12-16T22:45:04Z,daily,0.9
barcoding software ,https://www.capterra.com/barcoding-software/,2020-12-16T22:45:04Z,daily,0.9
benefits administration software ,https://www.capterra.com/benefits-administration-software/,2020-12-16T22:45:04Z,daily,0.9
big data software ,https://www.capterra.com/big-data-software/,2020-12-16T22:45:04Z,daily,0.9
billing and invoicing software ,https://www.capterra.com/billing-and-invoicing-software/,2020-12-16T22:45:04Z,daily,0.9
billing and provisioning software ,https://www.capterra.com/billing-and-provisioning-software/,2020-12-16T22:45:04Z,daily,0.9
bim software ,https://www.capterra.com/bim-software/,2020-12-16T22:45:04Z,daily,0.9
blog software ,https://www.capterra.com/blog-software/,2020-12-16T22:45:04Z,daily,0.9
board management software ,https://www.capterra.com/board-management-software/,2020-12-16T22:45:04Z,daily,0.9
bookkeeper software ,https://www.capterra.com/bookkeeper-software/,2020-12-16T22:45:04Z,daily,0.9
brand management software ,https://www.capterra.com/brand-management-software/,2020-12-16T22:45:04Z,daily,0.9
brand protection software ,https://www.capterra.com/brand-protection-software/,2020-12-16T22:45:04Z,daily,0.9
brewery software ,https://www.capterra.com/brewery-software/,2020-12-16T22:45:04Z,daily,0.9
budgeting software ,https://www.capterra.com/budgeting-software/,2020-12-16T22:45:04Z,daily,0.9
bug tracking software ,https://www.capterra.com/bug-tracking-software/,2020-12-16T22:45:04Z,daily,0.9
building maintenance software ,https://www.capterra.com/building-maintenance-software/,2020-12-16T22:45:04Z,daily,0.9
business card software ,https://www.capterra.com/business-card-software/,2020-12-16T22:45:04Z,daily,0.9
business continuity software ,https://www.capterra.com/business-continuity-software/,2020-12-16T22:45:04Z,daily,0.9
business intelligence software ,https://www.capterra.com/business-intelligence-software/,2020-12-16T22:45:04Z,daily,0.9
business management software ,https://www.capterra.com/business-management-software/,2020-12-16T22:45:04Z,daily,0.9
business performance management software ,https://www.capterra.com/business-performance-management-software/,2020-12-16T22:45:04Z,daily,0.9
business phone systems software ,https://www.capterra.com/business-phone-systems-software/,2020-12-16T22:45:04Z,daily,0.9
business plan software ,https://www.capterra.com/business-plan-software/,2020-12-16T22:45:04Z,daily,0.9
business process management software ,https://www.capterra.com/business-process-management-software/,2020-12-16T22:45:04Z,daily,0.9
buyer intent software ,https://www.capterra.com/buyer-intent-software/,2020-12-16T22:45:04Z,daily,0.9
calibration management software ,https://www.capterra.com/calibration-management-software/,2020-12-16T22:45:04Z,daily,0.9
call accounting software ,https://www.capterra.com/call-accounting-software/,2020-12-16T22:45:04Z,daily,0.9
call center software ,https://www.capterra.com/call-center-software/,2020-12-16T22:45:04Z,daily,0.9
call recording software ,https://www.capterra.com/call-recording-software/,2020-12-16T22:45:04Z,daily,0.9
call tracking software ,https://www.capterra.com/call-tracking-software/,2020-12-16T22:45:04Z,daily,0.9
camp management software ,https://www.capterra.com/camp-management-software/,2020-12-16T22:45:04Z,daily,0.9
campaign management software ,https://www.capterra.com/campaign-management-software/,2020-12-16T22:45:04Z,daily,0.9
campground management software ,https://www.capterra.com/campground-management-software/,2020-12-16T22:45:04Z,daily,0.9
car rental software ,https://www.capterra.com/car-rental-software/,2020-12-16T22:45:04Z,daily,0.9
carpet cleaning software ,https://www.capterra.com/carpet-cleaning-software/,2020-12-16T22:45:04Z,daily,0.9
catalog management software ,https://www.capterra.com/catalog-management-software/,2020-12-16T22:45:04Z,daily,0.9
catering software ,https://www.capterra.com/catering-software/,2020-12-16T22:45:04Z,daily,0.9
cemetery software ,https://www.capterra.com/cemetery-software/,2020-12-16T22:45:04Z,daily,0.9
change management software ,https://www.capterra.com/change-management-software/,2020-12-16T22:45:04Z,daily,0.9
channel management software ,https://www.capterra.com/channel-management-software/,2020-12-16T22:45:04Z,daily,0.9
chemical software ,https://www.capterra.com/chemical-software/,2020-12-16T22:45:04Z,daily,0.9
child care software ,https://www.capterra.com/child-care-software/,2020-12-16T22:45:04Z,daily,0.9
chiropractic software ,https://www.capterra.com/chiropractic-software/,2020-12-16T22:45:04Z,daily,0.9
church accounting software ,https://www.capterra.com/church-accounting-software/,2020-12-16T22:45:04Z,daily,0.9
church management software ,https://www.capterra.com/church-management-software/,2020-12-16T22:45:04Z,daily,0.9
church presentation software ,https://www.capterra.com/church-presentation-software/,2020-12-16T22:45:04Z,daily,0.9
claims processing software ,https://www.capterra.com/claims-processing-software/,2020-12-16T22:45:04Z,daily,0.9
class registration software ,https://www.capterra.com/class-registration-software/,2020-12-16T22:45:04Z,daily,0.9
classroom management software ,https://www.capterra.com/classroom-management-software/,2020-12-16T22:45:04Z,daily,0.9
click fraud software ,https://www.capterra.com/click-fraud-software/,2020-12-16T22:45:04Z,daily,0.9
clinical trial management software ,https://www.capterra.com/clinical-trial-management-software/,2020-12-16T22:45:04Z,daily,0.9
cloud communication platform software ,https://www.capterra.com/cloud-communication-platform-software/,2020-12-16T22:45:04Z,daily,0.9
cloud management software ,https://www.capterra.com/cloud-management-software/,2020-12-16T22:45:04Z,daily,0.9
cloud pbx software ,https://www.capterra.com/cloud-pbx-software/,2020-12-16T22:45:04Z,daily,0.9
cloud security software ,https://www.capterra.com/cloud-security-software/,2020-12-16T22:45:04Z,daily,0.9
cloud storage software ,https://www.capterra.com/cloud-storage-software/,2020-12-16T22:45:04Z,daily,0.9
club management software ,https://www.capterra.com/club-management-software/,2020-12-16T22:45:04Z,daily,0.9
cmdb software ,https://www.capterra.com/cmdb-software/,2020-12-16T22:45:04Z,daily,0.9
cmms software ,https://www.capterra.com/cmms-software/,2020-12-16T22:45:04Z,daily,0.9
coaching software ,https://www.capterra.com/coaching-software/,2020-12-16T22:45:04Z,daily,0.9
code enforcement software ,https://www.capterra.com/code-enforcement-software/,2020-12-16T22:45:04Z,daily,0.9
collaboration software ,https://www.capterra.com/collaboration-software/,2020-12-16T22:45:04Z,daily,0.9
commercial insurance software ,https://www.capterra.com/commercial-insurance-software/,2020-12-16T22:45:04Z,daily,0.9
commercial loan software ,https://www.capterra.com/commercial-loan-software/,2020-12-16T22:45:04Z,daily,0.9
commercial real estate software ,https://www.capterra.com/commercial-real-estate-software/,2020-12-16T22:45:04Z,daily,0.9
commission software ,https://www.capterra.com/commission-software/,2020-12-16T22:45:04Z,daily,0.9
community software ,https://www.capterra.com/community-software/,2020-12-16T22:45:04Z,daily,0.9
company secretarial software ,https://www.capterra.com/company-secretarial-software/,2020-12-16T22:45:04Z,daily,0.9
compensation management software ,https://www.capterra.com/compensation-management-software/,2020-12-16T22:45:04Z,daily,0.9
competitive intelligence software ,https://www.capterra.com/competitive-intelligence-software/,2020-12-16T22:45:04Z,daily,0.9
complaint management software ,https://www.capterra.com/complaint-management-software/,2020-12-16T22:45:04Z,daily,0.9
compliance software ,https://www.capterra.com/compliance-software/,2020-12-16T22:45:04Z,daily,0.9
computer repair shop software ,https://www.capterra.com/computer-repair-shop-software/,2020-12-16T22:45:04Z,daily,0.9
computer security software ,https://www.capterra.com/computer-security-software/,2020-12-16T22:45:04Z,daily,0.9
conference software ,https://www.capterra.com/conference-software/,2020-12-16T22:45:04Z,daily,0.9
conflict checking software ,https://www.capterra.com/conflict-checking-software/,2020-12-16T22:45:04Z,daily,0.9
consignment software ,https://www.capterra.com/consignment-software/,2020-12-16T22:45:04Z,daily,0.9
construction accounting software ,https://www.capterra.com/construction-accounting-software/,2020-12-16T22:45:04Z,daily,0.9
construction bid management software ,https://www.capterra.com/construction-bid-management-software/,2020-12-16T22:45:04Z,daily,0.9
construction crm software ,https://www.capterra.com/construction-crm-software/,2020-12-16T22:45:04Z,daily,0.9
construction estimating software ,https://www.capterra.com/construction-estimating-software/,2020-12-16T22:45:04Z,daily,0.9
construction management software ,https://www.capterra.com/construction-management-software/,2020-12-16T22:45:04Z,daily,0.9
construction scheduling software ,https://www.capterra.com/construction-scheduling-software/,2020-12-16T22:45:04Z,daily,0.9
contact center software ,https://www.capterra.com/contact-center-software/,2020-12-16T22:45:04Z,daily,0.9
contact management software ,https://www.capterra.com/contact-management-software/,2020-12-16T22:45:04Z,daily,0.9
content management software ,https://www.capterra.com/content-management-software/,2020-12-16T22:45:04Z,daily,0.9
content marketing software ,https://www.capterra.com/content-marketing-software/,2020-12-16T22:45:04Z,daily,0.9
contest software ,https://www.capterra.com/contest-software/,2020-12-16T22:45:04Z,daily,0.9
continuous integration software ,https://www.capterra.com/continuous-integration-software/,2020-12-16T22:45:04Z,daily,0.9
contract management software ,https://www.capterra.com/contract-management-software/,2020-12-16T22:45:04Z,daily,0.9
contractor management software ,https://www.capterra.com/contractor-management-software/,2020-12-16T22:45:04Z,daily,0.9
convenience store software ,https://www.capterra.com/convenience-store-software/,2020-12-16T22:45:04Z,daily,0.9
conversational ai platform software ,https://www.capterra.com/conversational-ai-platform-software/,2020-12-16T22:45:04Z,daily,0.9
conversational marketing platform software ,https://www.capterra.com/conversational-marketing-platform-software/,2020-12-16T22:45:04Z,daily,0.9
corporate tax software ,https://www.capterra.com/corporate-tax-software/,2020-12-16T22:45:04Z,daily,0.9
corporate wellness software ,https://www.capterra.com/corporate-wellness-software/,2020-12-16T22:45:04Z,daily,0.9
corrective and preventive action software ,https://www.capterra.com/corrective-and-preventive-action-software/,2020-12-16T22:45:04Z,daily,0.9
courier software ,https://www.capterra.com/courier-software/,2020-12-16T22:45:04Z,daily,0.9
course authoring software ,https://www.capterra.com/course-authoring-software/,2020-12-16T22:45:04Z,daily,0.9
court management software ,https://www.capterra.com/court-management-software/,2020-12-16T22:45:04Z,daily,0.9
cpq software ,https://www.capterra.com/cpq-software/,2020-12-16T22:45:04Z,daily,0.9
creative management software ,https://www.capterra.com/creative-management-software/,2020-12-16T22:45:04Z,daily,0.9
credentialing software ,https://www.capterra.com/credentialing-software/,2020-12-16T22:45:04Z,daily,0.9
currency exchange software ,https://www.capterra.com/currency-exchange-software/,2020-12-16T22:45:04Z,daily,0.9
customer advocacy software ,https://www.capterra.com/customer-advocacy-software/,2020-12-16T22:45:04Z,daily,0.9
customer communications management software ,https://www.capterra.com/customer-communications-management-software/,2020-12-16T22:45:04Z,daily,0.9
customer data platform software ,https://www.capterra.com/customer-data-platform-software/,2020-12-16T22:45:04Z,daily,0.9
customer engagement software ,https://www.capterra.com/customer-engagement-software/,2020-12-16T22:45:04Z,daily,0.9
customer experience software ,https://www.capterra.com/customer-experience-software/,2020-12-16T22:45:04Z,daily,0.9
customer journey mapping tools software ,https://www.capterra.com/customer-journey-mapping-tools-software/,2020-12-16T22:45:04Z,daily,0.9
customer loyalty software ,https://www.capterra.com/customer-loyalty-software/,2020-12-16T22:45:04Z,daily,0.9
customer reference management software ,https://www.capterra.com/customer-reference-management-software/,2020-12-16T22:45:04Z,daily,0.9
customer relationship management software ,https://www.capterra.com/customer-relationship-management-software/,2020-12-16T22:45:04Z,daily,0.9
customer satisfaction software ,https://www.capterra.com/customer-satisfaction-software/,2020-12-16T22:45:04Z,daily,0.9
customer service software ,https://www.capterra.com/customer-service-software/,2020-12-16T22:45:04Z,daily,0.9
customer success software ,https://www.capterra.com/customer-success-software/,2020-12-16T22:45:04Z,daily,0.9
cybersecurity software ,https://www.capterra.com/cybersecurity-software/,2020-12-16T22:45:04Z,daily,0.9
dance studio software ,https://www.capterra.com/dance-studio-software/,2020-12-16T22:45:04Z,daily,0.9
dashboard software ,https://www.capterra.com/dashboard-software/,2020-12-16T22:45:04Z,daily,0.9
data analysis software ,https://www.capterra.com/data-analysis-software/,2020-12-16T22:45:04Z,daily,0.9
data center management software ,https://www.capterra.com/data-center-management-software/,2020-12-16T22:45:04Z,daily,0.9
data discovery software ,https://www.capterra.com/data-discovery-software/,2020-12-16T22:45:04Z,daily,0.9
data entry software ,https://www.capterra.com/data-entry-software/,2020-12-16T22:45:04Z,daily,0.9
data extraction software ,https://www.capterra.com/data-extraction-software/,2020-12-16T22:45:04Z,daily,0.9
data governance software ,https://www.capterra.com/data-governance-software/,2020-12-16T22:45:04Z,daily,0.9
data loss prevention software ,https://www.capterra.com/data-loss-prevention-software/,2020-12-16T22:45:04Z,daily,0.9
data management software ,https://www.capterra.com/data-management-software/,2020-12-16T22:45:04Z,daily,0.9
data mining software ,https://www.capterra.com/data-mining-software/,2020-12-16T22:45:04Z,daily,0.9
data quality software ,https://www.capterra.com/data-quality-software/,2020-12-16T22:45:04Z,daily,0.9
data visualization software ,https://www.capterra.com/data-visualization-software/,2020-12-16T22:45:04Z,daily,0.9
data warehouse software ,https://www.capterra.com/data-warehouse-software/,2020-12-16T22:45:04Z,daily,0.9
database management software ,https://www.capterra.com/database-management-software/,2020-12-16T22:45:04Z,daily,0.9
database monitoring software ,https://www.capterra.com/database-monitoring-software/,2020-12-16T22:45:04Z,daily,0.9
debt collection software ,https://www.capterra.com/debt-collection-software/,2020-12-16T22:45:04Z,daily,0.9
decision support software ,https://www.capterra.com/decision-support-software/,2020-12-16T22:45:04Z,daily,0.9
deep learning software ,https://www.capterra.com/deep-learning-software/,2020-12-16T22:45:04Z,daily,0.9
delivery management software ,https://www.capterra.com/delivery-management-software/,2020-12-16T22:45:04Z,daily,0.9
demand planning software ,https://www.capterra.com/demand-planning-software/,2020-12-16T22:45:04Z,daily,0.9
dental software ,https://www.capterra.com/dental-software/,2020-12-16T22:45:04Z,daily,0.9
dental charting software ,https://www.capterra.com/dental-charting-software/,2020-12-16T22:45:04Z,daily,0.9
dental imaging software ,https://www.capterra.com/dental-imaging-software/,2020-12-16T22:45:04Z,daily,0.9
dermatology software ,https://www.capterra.com/dermatology-software/,2020-12-16T22:45:04Z,daily,0.9
devops software ,https://www.capterra.com/devops-software/,2020-12-16T22:45:04Z,daily,0.9
diagram software ,https://www.capterra.com/diagram-software/,2020-12-16T22:45:04Z,daily,0.9
digital adoption platform software ,https://www.capterra.com/digital-adoption-platform-software/,2020-12-16T22:45:04Z,daily,0.9
digital asset management software ,https://www.capterra.com/digital-asset-management-software/,2020-12-16T22:45:04Z,daily,0.9
digital rights management software ,https://www.capterra.com/digital-rights-management-software/,2020-12-16T22:45:04Z,daily,0.9
digital signage software ,https://www.capterra.com/digital-signage-software/,2020-12-16T22:45:04Z,daily,0.9
digital signature software ,https://www.capterra.com/digital-signature-software/,2020-12-16T22:45:04Z,daily,0.9
digital workplace software ,https://www.capterra.com/digital-workplace-software/,2020-12-16T22:45:04Z,daily,0.9
direct mail automation software ,https://www.capterra.com/direct-mail-automation-software/,2020-12-16T22:45:04Z,daily,0.9
directory software ,https://www.capterra.com/directory-software/,2020-12-16T22:45:04Z,daily,0.9
disk imaging software ,https://www.capterra.com/disk-imaging-software/,2020-12-16T22:45:04Z,daily,0.9
distribution software ,https://www.capterra.com/distribution-software/,2020-12-16T22:45:04Z,daily,0.9
dock scheduling software ,https://www.capterra.com/dock-scheduling-software/,2020-12-16T22:45:04Z,daily,0.9
docketing software ,https://www.capterra.com/docketing-software/,2020-12-16T22:45:04Z,daily,0.9
document control software ,https://www.capterra.com/document-control-software/,2020-12-16T22:45:04Z,daily,0.9
document generation software ,https://www.capterra.com/document-generation-software/,2020-12-16T22:45:04Z,daily,0.9
document management software ,https://www.capterra.com/document-management-software/,2020-12-16T22:45:04Z,daily,0.9
document version control software ,https://www.capterra.com/document-version-control-software/,2020-12-16T22:45:04Z,daily,0.9
donation management software ,https://www.capterra.com/donation-management-software/,2020-12-16T22:45:04Z,daily,0.9
driving school software ,https://www.capterra.com/driving-school-software/,2020-12-16T22:45:04Z,daily,0.9
dropshipping software ,https://www.capterra.com/dropshipping-software/,2020-12-16T22:45:04Z,daily,0.9
dry cleaning software ,https://www.capterra.com/dry-cleaning-software/,2020-12-16T22:45:04Z,daily,0.9
eprescribing software ,https://www.capterra.com/eprescribing-software/,2020-12-16T22:45:04Z,daily,0.9
eam software ,https://www.capterra.com/eam-software/,2020-12-16T22:45:04Z,daily,0.9
ecommerce software ,https://www.capterra.com/ecommerce-software/,2020-12-16T22:45:04Z,daily,0.9
edi software ,https://www.capterra.com/edi-software/,2020-12-16T22:45:04Z,daily,0.9
ehs management software ,https://www.capterra.com/ehs-management-software/,2020-12-16T22:45:04Z,daily,0.9
elearning authoring tools software ,https://www.capterra.com/elearning-authoring-tools-software/,2020-12-16T22:45:04Z,daily,0.9
electrical contractor software ,https://www.capterra.com/electrical-contractor-software/,2020-12-16T22:45:04Z,daily,0.9
electrical design software ,https://www.capterra.com/electrical-design-software/,2020-12-16T22:45:04Z,daily,0.9
electrical estimating software ,https://www.capterra.com/electrical-estimating-software/,2020-12-16T22:45:04Z,daily,0.9
electronic data capture software ,https://www.capterra.com/electronic-data-capture-software/,2020-12-16T22:45:04Z,daily,0.9
electronic discovery software ,https://www.capterra.com/electronic-discovery-software/,2020-12-16T22:45:04Z,daily,0.9
electronic medical records software ,https://www.capterra.com/electronic-medical-records-software/,2020-12-16T22:45:04Z,daily,0.9
email archiving software ,https://www.capterra.com/email-archiving-software/,2020-12-16T22:45:04Z,daily,0.9
email management software ,https://www.capterra.com/email-management-software/,2020-12-16T22:45:04Z,daily,0.9
email marketing software ,https://www.capterra.com/email-marketing-software/,2020-12-16T22:45:04Z,daily,0.9
email security software ,https://www.capterra.com/email-security-software/,2020-12-16T22:45:04Z,daily,0.9
email signature software ,https://www.capterra.com/email-signature-software/,2020-12-16T22:45:04Z,daily,0.9
email tracking software ,https://www.capterra.com/email-tracking-software/,2020-12-16T22:45:04Z,daily,0.9
email verification tools software ,https://www.capterra.com/email-verification-tools-software/,2020-12-16T22:45:04Z,daily,0.9
embedded analytics software ,https://www.capterra.com/embedded-analytics-software/,2020-12-16T22:45:04Z,daily,0.9
emergency notification software ,https://www.capterra.com/emergency-notification-software/,2020-12-16T22:45:04Z,daily,0.9
emissions management software ,https://www.capterra.com/emissions-management-software/,2020-12-16T22:45:04Z,daily,0.9
employee communication tools software ,https://www.capterra.com/employee-communication-tools-software/,2020-12-16T22:45:04Z,daily,0.9
employee engagement software ,https://www.capterra.com/employee-engagement-software/,2020-12-16T22:45:04Z,daily,0.9
employee monitoring software ,https://www.capterra.com/employee-monitoring-software/,2020-12-16T22:45:04Z,daily,0.9
employee recognition software ,https://www.capterra.com/employee-recognition-software/,2020-12-16T22:45:04Z,daily,0.9
employee scheduling software ,https://www.capterra.com/employee-scheduling-software/,2020-12-16T22:45:04Z,daily,0.9
ems software ,https://www.capterra.com/ems-software/,2020-12-16T22:45:04Z,daily,0.9
endpoint detection and response software ,https://www.capterra.com/endpoint-detection-and-response-software/,2020-12-16T22:45:04Z,daily,0.9
endpoint protection software ,https://www.capterra.com/endpoint-protection-software/,2020-12-16T22:45:04Z,daily,0.9
energy management software ,https://www.capterra.com/energy-management-software/,2020-12-16T22:45:04Z,daily,0.9
engineering cad software ,https://www.capterra.com/engineering-cad-software/,2020-12-16T22:45:04Z,daily,0.9
enterprise architecture software ,https://www.capterra.com/enterprise-architecture-software/,2020-12-16T22:45:04Z,daily,0.9
enterprise content management software ,https://www.capterra.com/enterprise-content-management-software/,2020-12-16T22:45:04Z,daily,0.9
enterprise resource planning software ,https://www.capterra.com/enterprise-resource-planning-software/,2020-12-16T22:45:04Z,daily,0.9
enterprise search software ,https://www.capterra.com/enterprise-search-software/,2020-12-16T22:45:04Z,daily,0.9
entity management software ,https://www.capterra.com/entity-management-software/,2020-12-16T22:45:04Z,daily,0.9
environmental software ,https://www.capterra.com/environmental-software/,2020-12-16T22:45:04Z,daily,0.9
equipment maintenance software ,https://www.capterra.com/equipment-maintenance-software/,2020-12-16T22:45:04Z,daily,0.9
equipment rental software ,https://www.capterra.com/equipment-rental-software/,2020-12-16T22:45:04Z,daily,0.9
equity management software ,https://www.capterra.com/equity-management-software/,2020-12-16T22:45:04Z,daily,0.9
etl software ,https://www.capterra.com/etl-software/,2020-12-16T22:45:04Z,daily,0.9
event booking software ,https://www.capterra.com/event-booking-software/,2020-12-16T22:45:04Z,daily,0.9
event check in software ,https://www.capterra.com/event-check-in-software/,2020-12-16T22:45:04Z,daily,0.9
event management software ,https://www.capterra.com/event-management-software/,2020-12-16T22:45:04Z,daily,0.9
event marketing software ,https://www.capterra.com/event-marketing-software/,2020-12-16T22:45:04Z,daily,0.9
exam software ,https://www.capterra.com/exam-software/,2020-12-16T22:45:04Z,daily,0.9
expense report software ,https://www.capterra.com/expense-report-software/,2020-12-16T22:45:04Z,daily,0.9
facility management software ,https://www.capterra.com/facility-management-software/,2020-12-16T22:45:04Z,daily,0.9
farm management software ,https://www.capterra.com/farm-management-software/,2020-12-16T22:45:04Z,daily,0.9
fashion design and production software ,https://www.capterra.com/fashion-design-and-production-software/,2020-12-16T22:45:04Z,daily,0.9
fax server software ,https://www.capterra.com/fax-server-software/,2020-12-16T22:45:04Z,daily,0.9
festival management software ,https://www.capterra.com/festival-management-software/,2020-12-16T22:45:04Z,daily,0.9
field service management software ,https://www.capterra.com/field-service-management-software/,2020-12-16T22:45:04Z,daily,0.9
file sharing software ,https://www.capterra.com/file-sharing-software/,2020-12-16T22:45:04Z,daily,0.9
file sync software ,https://www.capterra.com/file-sync-software/,2020-12-16T22:45:04Z,daily,0.9
financial crm software ,https://www.capterra.com/financial-crm-software/,2020-12-16T22:45:04Z,daily,0.9
financial fraud detection software ,https://www.capterra.com/financial-fraud-detection-software/,2020-12-16T22:45:04Z,daily,0.9
financial management software ,https://www.capterra.com/financial-management-software/,2020-12-16T22:45:04Z,daily,0.9
financial reporting software ,https://www.capterra.com/financial-reporting-software/,2020-12-16T22:45:04Z,daily,0.9
financial risk management software ,https://www.capterra.com/financial-risk-management-software/,2020-12-16T22:45:04Z,daily,0.9
financial services software ,https://www.capterra.com/financial-services-software/,2020-12-16T22:45:04Z,daily,0.9
fire department software ,https://www.capterra.com/fire-department-software/,2020-12-16T22:45:04Z,daily,0.9
fitness software ,https://www.capterra.com/fitness-software/,2020-12-16T22:45:04Z,daily,0.9
fixed asset management software ,https://www.capterra.com/fixed-asset-management-software/,2020-12-16T22:45:04Z,daily,0.9
fleet maintenance software ,https://www.capterra.com/fleet-maintenance-software/,2020-12-16T22:45:04Z,daily,0.9
fleet management software ,https://www.capterra.com/fleet-management-software/,2020-12-16T22:45:04Z,daily,0.9
florist software ,https://www.capterra.com/florist-software/,2020-12-16T22:45:04Z,daily,0.9
flowchart software ,https://www.capterra.com/flowchart-software/,2020-12-16T22:45:04Z,daily,0.9
food costing software ,https://www.capterra.com/food-costing-software/,2020-12-16T22:45:04Z,daily,0.9
food delivery software ,https://www.capterra.com/food-delivery-software/,2020-12-16T22:45:04Z,daily,0.9
food service distribution software ,https://www.capterra.com/food-service-distribution-software/,2020-12-16T22:45:04Z,daily,0.9
food service management software ,https://www.capterra.com/food-service-management-software/,2020-12-16T22:45:04Z,daily,0.9
food traceability software ,https://www.capterra.com/food-traceability-software/,2020-12-16T22:45:04Z,daily,0.9
forestry software ,https://www.capterra.com/forestry-software/,2020-12-16T22:45:04Z,daily,0.9
forms automation software ,https://www.capterra.com/forms-automation-software/,2020-12-16T22:45:04Z,daily,0.9
franchise management software ,https://www.capterra.com/franchise-management-software/,2020-12-16T22:45:04Z,daily,0.9
freight software ,https://www.capterra.com/freight-software/,2020-12-16T22:45:04Z,daily,0.9
fuel management software ,https://www.capterra.com/fuel-management-software/,2020-12-16T22:45:04Z,daily,0.9
fund accounting software ,https://www.capterra.com/fund-accounting-software/,2020-12-16T22:45:04Z,daily,0.9
fundraising software ,https://www.capterra.com/fundraising-software/,2020-12-16T22:45:04Z,daily,0.9
funeral home software ,https://www.capterra.com/funeral-home-software/,2020-12-16T22:45:04Z,daily,0.9
game development software ,https://www.capterra.com/game-development-software/,2020-12-16T22:45:04Z,daily,0.9
gamification software ,https://www.capterra.com/gamification-software/,2020-12-16T22:45:04Z,daily,0.9
gantt chart software ,https://www.capterra.com/gantt-chart-software/,2020-12-16T22:45:04Z,daily,0.9
garage door software ,https://www.capterra.com/garage-door-software/,2020-12-16T22:45:04Z,daily,0.9
garden center software ,https://www.capterra.com/garden-center-software/,2020-12-16T22:45:04Z,daily,0.9
gdpr compliance software ,https://www.capterra.com/gdpr-compliance-software/,2020-12-16T22:45:04Z,daily,0.9
gis software ,https://www.capterra.com/gis-software/,2020-12-16T22:45:04Z,daily,0.9
golf course software ,https://www.capterra.com/golf-course-software/,2020-12-16T22:45:04Z,daily,0.9
government software ,https://www.capterra.com/government-software/,2020-12-16T22:45:04Z,daily,0.9
gps tracking software ,https://www.capterra.com/gps-tracking-software/,2020-12-16T22:45:04Z,daily,0.9
gradebook software ,https://www.capterra.com/gradebook-software/,2020-12-16T22:45:04Z,daily,0.9
grant management software ,https://www.capterra.com/grant-management-software/,2020-12-16T22:45:04Z,daily,0.9
graphic design software ,https://www.capterra.com/graphic-design-software/,2020-12-16T22:45:04Z,daily,0.9
grc software ,https://www.capterra.com/grc-software/,2020-12-16T22:45:04Z,daily,0.9
gymnastics software ,https://www.capterra.com/gymnastics-software/,2020-12-16T22:45:04Z,daily,0.9
handyman software ,https://www.capterra.com/handyman-software/,2020-12-16T22:45:04Z,daily,0.9
headless cms platform software ,https://www.capterra.com/headless-cms-platform-software/,2020-12-16T22:45:04Z,daily,0.9
headless ecommerce platform software ,https://www.capterra.com/headless-ecommerce-platform-software/,2020-12-16T22:45:04Z,daily,0.9
healthcare crm software ,https://www.capterra.com/healthcare-crm-software/,2020-12-16T22:45:04Z,daily,0.9
heatmap software ,https://www.capterra.com/heatmap-software/,2020-12-16T22:45:04Z,daily,0.9
hedge fund software ,https://www.capterra.com/hedge-fund-software/,2020-12-16T22:45:04Z,daily,0.9
help desk software ,https://www.capterra.com/help-desk-software/,2020-12-16T22:45:04Z,daily,0.9
higher education software ,https://www.capterra.com/higher-education-software/,2020-12-16T22:45:04Z,daily,0.9
hipaa compliance software ,https://www.capterra.com/hipaa-compliance-software/,2020-12-16T22:45:04Z,daily,0.9
hoa software ,https://www.capterra.com/hoa-software/,2020-12-16T22:45:04Z,daily,0.9
home builder software ,https://www.capterra.com/home-builder-software/,2020-12-16T22:45:04Z,daily,0.9
home care software ,https://www.capterra.com/home-care-software/,2020-12-16T22:45:04Z,daily,0.9
home health care software ,https://www.capterra.com/home-health-care-software/,2020-12-16T22:45:04Z,daily,0.9
home inspection software ,https://www.capterra.com/home-inspection-software/,2020-12-16T22:45:04Z,daily,0.9
horse software ,https://www.capterra.com/horse-software/,2020-12-16T22:45:04Z,daily,0.9
hospice software ,https://www.capterra.com/hospice-software/,2020-12-16T22:45:04Z,daily,0.9
hospital management software ,https://www.capterra.com/hospital-management-software/,2020-12-16T22:45:04Z,daily,0.9
hospitality property management software ,https://www.capterra.com/hospitality-property-management-software/,2020-12-16T22:45:04Z,daily,0.9
hostel management software ,https://www.capterra.com/hostel-management-software/,2020-12-16T22:45:04Z,daily,0.9
hotel channel management software ,https://www.capterra.com/hotel-channel-management-software/,2020-12-16T22:45:04Z,daily,0.9
hr analytics software ,https://www.capterra.com/hr-analytics-software/,2020-12-16T22:45:04Z,daily,0.9
human resource software ,https://www.capterra.com/human-resource-software/,2020-12-16T22:45:04Z,daily,0.9
human services software ,https://www.capterra.com/human-services-software/,2020-12-16T22:45:04Z,daily,0.9
hvac software ,https://www.capterra.com/hvac-software/,2020-12-16T22:45:04Z,daily,0.9
hvac estimating software ,https://www.capterra.com/hvac-estimating-software/,2020-12-16T22:45:04Z,daily,0.9
idea management software ,https://www.capterra.com/idea-management-software/,2020-12-16T22:45:04Z,daily,0.9
identity management software ,https://www.capterra.com/identity-management-software/,2020-12-16T22:45:04Z,daily,0.9
incident management software ,https://www.capterra.com/incident-management-software/,2020-12-16T22:45:04Z,daily,0.9
influencer marketing software ,https://www.capterra.com/influencer-marketing-software/,2020-12-16T22:45:04Z,daily,0.9
infrastructure as a service solutions software ,https://www.capterra.com/infrastructure-as-a-service-solutions-software/,2020-12-16T22:45:04Z,daily,0.9
innovation software ,https://www.capterra.com/innovation-software/,2020-12-16T22:45:04Z,daily,0.9
inside sales software ,https://www.capterra.com/inside-sales-software/,2020-12-16T22:45:04Z,daily,0.9
inspection software ,https://www.capterra.com/inspection-software/,2020-12-16T22:45:04Z,daily,0.9
insurance agency software ,https://www.capterra.com/insurance-agency-software/,2020-12-16T22:45:04Z,daily,0.9
insurance policy software ,https://www.capterra.com/insurance-policy-software/,2020-12-16T22:45:04Z,daily,0.9
insurance rating software ,https://www.capterra.com/insurance-rating-software/,2020-12-16T22:45:04Z,daily,0.9
integrated risk management software ,https://www.capterra.com/integrated-risk-management-software/,2020-12-16T22:45:04Z,daily,0.9
integration software ,https://www.capterra.com/integration-software/,2020-12-16T22:45:04Z,daily,0.9
intellectual property management software ,https://www.capterra.com/intellectual-property-management-software/,2020-12-16T22:45:04Z,daily,0.9
internal communications software ,https://www.capterra.com/internal-communications-software/,2020-12-16T22:45:04Z,daily,0.9
intranet software ,https://www.capterra.com/intranet-software/,2020-12-16T22:45:04Z,daily,0.9
inventory control software ,https://www.capterra.com/inventory-control-software/,2020-12-16T22:45:04Z,daily,0.9
inventory management software ,https://www.capterra.com/inventory-management-software/,2020-12-16T22:45:04Z,daily,0.9
investigation management software ,https://www.capterra.com/investigation-management-software/,2020-12-16T22:45:04Z,daily,0.9
investment management software ,https://www.capterra.com/investment-management-software/,2020-12-16T22:45:04Z,daily,0.9
iot software ,https://www.capterra.com/iot-software/,2020-12-16T22:45:04Z,daily,0.9
ipad kiosk software ,https://www.capterra.com/ipad-kiosk-software/,2020-12-16T22:45:04Z,daily,0.9
ipad pos software ,https://www.capterra.com/ipad-pos-software/,2020-12-16T22:45:04Z,daily,0.9
issue tracking software ,https://www.capterra.com/issue-tracking-software/,2020-12-16T22:45:04Z,daily,0.9
it asset management software ,https://www.capterra.com/it-asset-management-software/,2020-12-16T22:45:04Z,daily,0.9
it management software ,https://www.capterra.com/it-management-software/,2020-12-16T22:45:04Z,daily,0.9
it project management software ,https://www.capterra.com/it-project-management-software/,2020-12-16T22:45:04Z,daily,0.9
it service software ,https://www.capterra.com/it-service-software/,2020-12-16T22:45:04Z,daily,0.9
itsm software ,https://www.capterra.com/itsm-software/,2020-12-16T22:45:04Z,daily,0.9
ivr software ,https://www.capterra.com/ivr-software/,2020-12-16T22:45:04Z,daily,0.9
iwms software ,https://www.capterra.com/iwms-software/,2020-12-16T22:45:04Z,daily,0.9
jail management software ,https://www.capterra.com/jail-management-software/,2020-12-16T22:45:04Z,daily,0.9
janitorial software ,https://www.capterra.com/janitorial-software/,2020-12-16T22:45:04Z,daily,0.9
java cms software ,https://www.capterra.com/java-cms-software/,2020-12-16T22:45:04Z,daily,0.9
jewelry store management software ,https://www.capterra.com/jewelry-store-management-software/,2020-12-16T22:45:04Z,daily,0.9
job board software ,https://www.capterra.com/job-board-software/,2020-12-16T22:45:04Z,daily,0.9
job costing software ,https://www.capterra.com/job-costing-software/,2020-12-16T22:45:04Z,daily,0.9
job evaluation software ,https://www.capterra.com/job-evaluation-software/,2020-12-16T22:45:04Z,daily,0.9
job shop software ,https://www.capterra.com/job-shop-software/,2020-12-16T22:45:04Z,daily,0.9
k 12 software ,https://www.capterra.com/k-12-software/,2020-12-16T22:45:04Z,daily,0.9
kanban tools software ,https://www.capterra.com/kanban-tools-software/,2020-12-16T22:45:04Z,daily,0.9
kennel software ,https://www.capterra.com/kennel-software/,2020-12-16T22:45:04Z,daily,0.9
key management software ,https://www.capterra.com/key-management-software/,2020-12-16T22:45:04Z,daily,0.9
kiosk software ,https://www.capterra.com/kiosk-software/,2020-12-16T22:45:04Z,daily,0.9
knowledge management software ,https://www.capterra.com/knowledge-management-software/,2020-12-16T22:45:04Z,daily,0.9
laboratory information management system software ,https://www.capterra.com/laboratory-information-management-system-software/,2020-12-16T22:45:04Z,daily,0.9
land management software ,https://www.capterra.com/land-management-software/,2020-12-16T22:45:04Z,daily,0.9
landing page software ,https://www.capterra.com/landing-page-software/,2020-12-16T22:45:04Z,daily,0.9
landscape software ,https://www.capterra.com/landscape-software/,2020-12-16T22:45:04Z,daily,0.9
law enforcement software ,https://www.capterra.com/law-enforcement-software/,2020-12-16T22:45:04Z,daily,0.9
law practice management software ,https://www.capterra.com/law-practice-management-software/,2020-12-16T22:45:04Z,daily,0.9
lawn care software ,https://www.capterra.com/lawn-care-software/,2020-12-16T22:45:04Z,daily,0.9
lead capture software ,https://www.capterra.com/lead-capture-software/,2020-12-16T22:45:04Z,daily,0.9
lead generation software ,https://www.capterra.com/lead-generation-software/,2020-12-16T22:45:04Z,daily,0.9
lead management software ,https://www.capterra.com/lead-management-software/,2020-12-16T22:45:04Z,daily,0.9
lead nurturing software ,https://www.capterra.com/lead-nurturing-software/,2020-12-16T22:45:04Z,daily,0.9
learning experience platform software ,https://www.capterra.com/learning-experience-platform-software/,2020-12-16T22:45:04Z,daily,0.9
learning management system software ,https://www.capterra.com/learning-management-system-software/,2020-12-16T22:45:04Z,daily,0.9
lease accounting software ,https://www.capterra.com/lease-accounting-software/,2020-12-16T22:45:04Z,daily,0.9
lease management software ,https://www.capterra.com/lease-management-software/,2020-12-16T22:45:04Z,daily,0.9
leave management system software ,https://www.capterra.com/leave-management-system-software/,2020-12-16T22:45:04Z,daily,0.9
legal billing software ,https://www.capterra.com/legal-billing-software/,2020-12-16T22:45:04Z,daily,0.9
legal calendar software ,https://www.capterra.com/legal-calendar-software/,2020-12-16T22:45:04Z,daily,0.9
legal case management software ,https://www.capterra.com/legal-case-management-software/,2020-12-16T22:45:04Z,daily,0.9
legal document management software ,https://www.capterra.com/legal-document-management-software/,2020-12-16T22:45:04Z,daily,0.9
legal research software ,https://www.capterra.com/legal-research-software/,2020-12-16T22:45:04Z,daily,0.9
library automation software ,https://www.capterra.com/library-automation-software/,2020-12-16T22:45:04Z,daily,0.9
license management software ,https://www.capterra.com/license-management-software/,2020-12-16T22:45:04Z,daily,0.9
link management tools software ,https://www.capterra.com/link-management-tools-software/,2020-12-16T22:45:04Z,daily,0.9
live chat software ,https://www.capterra.com/live-chat-software/,2020-12-16T22:45:04Z,daily,0.9
live streaming software ,https://www.capterra.com/live-streaming-software/,2020-12-16T22:45:04Z,daily,0.9
load balancing software ,https://www.capterra.com/load-balancing-software/,2020-12-16T22:45:04Z,daily,0.9
load testing software ,https://www.capterra.com/load-testing-software/,2020-12-16T22:45:04Z,daily,0.9
loan origination software ,https://www.capterra.com/loan-origination-software/,2020-12-16T22:45:04Z,daily,0.9
loan servicing software ,https://www.capterra.com/loan-servicing-software/,2020-12-16T22:45:04Z,daily,0.9
location intelligence software ,https://www.capterra.com/location-intelligence-software/,2020-12-16T22:45:04Z,daily,0.9
locksmith software ,https://www.capterra.com/locksmith-software/,2020-12-16T22:45:04Z,daily,0.9
log management software ,https://www.capterra.com/log-management-software/,2020-12-16T22:45:04Z,daily,0.9
logbook software ,https://www.capterra.com/logbook-software/,2020-12-16T22:45:04Z,daily,0.9
logistics software ,https://www.capterra.com/logistics-software/,2020-12-16T22:45:04Z,daily,0.9
long term care software ,https://www.capterra.com/long-term-care-software/,2020-12-16T22:45:04Z,daily,0.9
lost and found software ,https://www.capterra.com/lost-and-found-software/,2020-12-16T22:45:04Z,daily,0.9
low code development platform software ,https://www.capterra.com/low-code-development-platform-software/,2020-12-16T22:45:04Z,daily,0.9
mac crm software ,https://www.capterra.com/mac-crm-software/,2020-12-16T22:45:04Z,daily,0.9
machine learning software ,https://www.capterra.com/machine-learning-software/,2020-12-16T22:45:04Z,daily,0.9
maid service software ,https://www.capterra.com/maid-service-software/,2020-12-16T22:45:04Z,daily,0.9
mailroom management software ,https://www.capterra.com/mailroom-management-software/,2020-12-16T22:45:04Z,daily,0.9
maintenance management software ,https://www.capterra.com/maintenance-management-software/,2020-12-16T22:45:04Z,daily,0.9
manufacturing software ,https://www.capterra.com/manufacturing-software/,2020-12-16T22:45:04Z,daily,0.9
manufacturing execution software ,https://www.capterra.com/manufacturing-execution-software/,2020-12-16T22:45:04Z,daily,0.9
marine software ,https://www.capterra.com/marine-software/,2020-12-16T22:45:04Z,daily,0.9
market research software ,https://www.capterra.com/market-research-software/,2020-12-16T22:45:04Z,daily,0.9
marketing analytics software ,https://www.capterra.com/marketing-analytics-software/,2020-12-16T22:45:04Z,daily,0.9
marketing attribution software ,https://www.capterra.com/marketing-attribution-software/,2020-12-16T22:45:04Z,daily,0.9
marketing automation software ,https://www.capterra.com/marketing-automation-software/,2020-12-16T22:45:04Z,daily,0.9
marketing planning software ,https://www.capterra.com/marketing-planning-software/,2020-12-16T22:45:04Z,daily,0.9
marketplace software ,https://www.capterra.com/marketplace-software/,2020-12-16T22:45:04Z,daily,0.9
martial arts software ,https://www.capterra.com/martial-arts-software/,2020-12-16T22:45:04Z,daily,0.9
massage therapy software ,https://www.capterra.com/massage-therapy-software/,2020-12-16T22:45:04Z,daily,0.9
master data management software ,https://www.capterra.com/master-data-management-software/,2020-12-16T22:45:04Z,daily,0.9
medical billing software ,https://www.capterra.com/medical-billing-software/,2020-12-16T22:45:04Z,daily,0.9
medical imaging software ,https://www.capterra.com/medical-imaging-software/,2020-12-16T22:45:04Z,daily,0.9
medical inventory software ,https://www.capterra.com/medical-inventory-software/,2020-12-16T22:45:04Z,daily,0.9
medical lab software ,https://www.capterra.com/medical-lab-software/,2020-12-16T22:45:04Z,daily,0.9
medical practice management software ,https://www.capterra.com/medical-practice-management-software/,2020-12-16T22:45:04Z,daily,0.9
medical scheduling software ,https://www.capterra.com/medical-scheduling-software/,2020-12-16T22:45:04Z,daily,0.9
medical spa software ,https://www.capterra.com/medical-spa-software/,2020-12-16T22:45:04Z,daily,0.9
medical transcription software ,https://www.capterra.com/medical-transcription-software/,2020-12-16T22:45:04Z,daily,0.9
meeting software ,https://www.capterra.com/meeting-software/,2020-12-16T22:45:04Z,daily,0.9
meeting room booking system software ,https://www.capterra.com/meeting-room-booking-system-software/,2020-12-16T22:45:04Z,daily,0.9
membership management software ,https://www.capterra.com/membership-management-software/,2020-12-16T22:45:04Z,daily,0.9
mental health software ,https://www.capterra.com/mental-health-software/,2020-12-16T22:45:04Z,daily,0.9
mentoring software ,https://www.capterra.com/mentoring-software/,2020-12-16T22:45:04Z,daily,0.9
microlearning software ,https://www.capterra.com/microlearning-software/,2020-12-16T22:45:04Z,daily,0.9
mind mapping software ,https://www.capterra.com/mind-mapping-software/,2020-12-16T22:45:04Z,daily,0.9
mining software ,https://www.capterra.com/mining-software/,2020-12-16T22:45:04Z,daily,0.9
mlm software ,https://www.capterra.com/mlm-software/,2020-12-16T22:45:04Z,daily,0.9
mobile analytics software ,https://www.capterra.com/mobile-analytics-software/,2020-12-16T22:45:04Z,daily,0.9
mobile banking software ,https://www.capterra.com/mobile-banking-software/,2020-12-16T22:45:04Z,daily,0.9
mobile content management system software ,https://www.capterra.com/mobile-content-management-system-software/,2020-12-16T22:45:04Z,daily,0.9
mobile credit card processing software ,https://www.capterra.com/mobile-credit-card-processing-software/,2020-12-16T22:45:04Z,daily,0.9
mobile device management software ,https://www.capterra.com/mobile-device-management-software/,2020-12-16T22:45:04Z,daily,0.9
mobile event apps software ,https://www.capterra.com/mobile-event-apps-software/,2020-12-16T22:45:04Z,daily,0.9
mobile learning software ,https://www.capterra.com/mobile-learning-software/,2020-12-16T22:45:04Z,daily,0.9
mobile marketing software ,https://www.capterra.com/mobile-marketing-software/,2020-12-16T22:45:04Z,daily,0.9
mobility software ,https://www.capterra.com/mobility-software/,2020-12-16T22:45:04Z,daily,0.9
mortgage and loans software ,https://www.capterra.com/mortgage-and-loans-software/,2020-12-16T22:45:04Z,daily,0.9
moving software ,https://www.capterra.com/moving-software/,2020-12-16T22:45:04Z,daily,0.9
mrm software ,https://www.capterra.com/mrm-software/,2020-12-16T22:45:04Z,daily,0.9
mrp software ,https://www.capterra.com/mrp-software/,2020-12-16T22:45:04Z,daily,0.9
msp software ,https://www.capterra.com/msp-software/,2020-12-16T22:45:04Z,daily,0.9
multi channel ecommerce software ,https://www.capterra.com/multi-channel-ecommerce-software/,2020-12-16T22:45:04Z,daily,0.9
municipal software ,https://www.capterra.com/municipal-software/,2020-12-16T22:45:04Z,daily,0.9
museum software ,https://www.capterra.com/museum-software/,2020-12-16T22:45:04Z,daily,0.9
music school software ,https://www.capterra.com/music-school-software/,2020-12-16T22:45:04Z,daily,0.9
network mapping software ,https://www.capterra.com/network-mapping-software/,2020-12-16T22:45:04Z,daily,0.9
network monitoring software ,https://www.capterra.com/network-monitoring-software/,2020-12-16T22:45:04Z,daily,0.9
network security software ,https://www.capterra.com/network-security-software/,2020-12-16T22:45:04Z,daily,0.9
network troubleshooting software ,https://www.capterra.com/network-troubleshooting-software/,2020-12-16T22:45:04Z,daily,0.9
no code platform software ,https://www.capterra.com/no-code-platform-software/,2020-12-16T22:45:04Z,daily,0.9
nonprofit software ,https://www.capterra.com/nonprofit-software/,2020-12-16T22:45:04Z,daily,0.9
nonprofit accounting software ,https://www.capterra.com/nonprofit-accounting-software/,2020-12-16T22:45:04Z,daily,0.9
nonprofit crm software ,https://www.capterra.com/nonprofit-crm-software/,2020-12-16T22:45:04Z,daily,0.9
nosql databases software ,https://www.capterra.com/nosql-databases-software/,2020-12-16T22:45:04Z,daily,0.9
nps software ,https://www.capterra.com/nps-software/,2020-12-16T22:45:04Z,daily,0.9
nurse scheduling software ,https://www.capterra.com/nurse-scheduling-software/,2020-12-16T22:45:04Z,daily,0.9
nursing home software ,https://www.capterra.com/nursing-home-software/,2020-12-16T22:45:04Z,daily,0.9
nutrition analysis software ,https://www.capterra.com/nutrition-analysis-software/,2020-12-16T22:45:04Z,daily,0.9
nutritionist software ,https://www.capterra.com/nutritionist-software/,2020-12-16T22:45:04Z,daily,0.9
occupational therapy software ,https://www.capterra.com/occupational-therapy-software/,2020-12-16T22:45:04Z,daily,0.9
ocr software ,https://www.capterra.com/ocr-software/,2020-12-16T22:45:04Z,daily,0.9
oee software ,https://www.capterra.com/oee-software/,2020-12-16T22:45:04Z,daily,0.9
oil and gas software ,https://www.capterra.com/oil-and-gas-software/,2020-12-16T22:45:04Z,daily,0.9
okr software ,https://www.capterra.com/okr-software/,2020-12-16T22:45:04Z,daily,0.9
onboarding software ,https://www.capterra.com/onboarding-software/,2020-12-16T22:45:04Z,daily,0.9
online banking software ,https://www.capterra.com/online-banking-software/,2020-12-16T22:45:04Z,daily,0.9
online crm software ,https://www.capterra.com/online-crm-software/,2020-12-16T22:45:04Z,daily,0.9
online proofing software ,https://www.capterra.com/online-proofing-software/,2020-12-16T22:45:04Z,daily,0.9
optometry software ,https://www.capterra.com/optometry-software/,2020-12-16T22:45:04Z,daily,0.9
order entry software ,https://www.capterra.com/order-entry-software/,2020-12-16T22:45:04Z,daily,0.9
order management software ,https://www.capterra.com/order-management-software/,2020-12-16T22:45:04Z,daily,0.9
org chart software ,https://www.capterra.com/org-chart-software/,2020-12-16T22:45:04Z,daily,0.9
p&c insurance software ,https://www.capterra.com/p&c-insurance-software/,2020-12-16T22:45:04Z,daily,0.9
packaging software ,https://www.capterra.com/packaging-software/,2020-12-16T22:45:04Z,daily,0.9
pacs software ,https://www.capterra.com/pacs-software/,2020-12-16T22:45:04Z,daily,0.9
parcel audit software ,https://www.capterra.com/parcel-audit-software/,2020-12-16T22:45:04Z,daily,0.9
parking management software ,https://www.capterra.com/parking-management-software/,2020-12-16T22:45:04Z,daily,0.9
parks and recreation software ,https://www.capterra.com/parks-and-recreation-software/,2020-12-16T22:45:04Z,daily,0.9
password management software ,https://www.capterra.com/password-management-software/,2020-12-16T22:45:04Z,daily,0.9
patch management software ,https://www.capterra.com/patch-management-software/,2020-12-16T22:45:04Z,daily,0.9
patient case management software ,https://www.capterra.com/patient-case-management-software/,2020-12-16T22:45:04Z,daily,0.9
patient engagement software ,https://www.capterra.com/patient-engagement-software/,2020-12-16T22:45:04Z,daily,0.9
patient management software ,https://www.capterra.com/patient-management-software/,2020-12-16T22:45:04Z,daily,0.9
patient portal software ,https://www.capterra.com/patient-portal-software/,2020-12-16T22:45:04Z,daily,0.9
pawn shop software ,https://www.capterra.com/pawn-shop-software/,2020-12-16T22:45:04Z,daily,0.9
payment processing software ,https://www.capterra.com/payment-processing-software/,2020-12-16T22:45:04Z,daily,0.9
payroll software ,https://www.capterra.com/payroll-software/,2020-12-16T22:45:04Z,daily,0.9
pci compliance software ,https://www.capterra.com/pci-compliance-software/,2020-12-16T22:45:04Z,daily,0.9
pdf software ,https://www.capterra.com/pdf-software/,2020-12-16T22:45:04Z,daily,0.9
pediatric software ,https://www.capterra.com/pediatric-software/,2020-12-16T22:45:04Z,daily,0.9
performance appraisal software ,https://www.capterra.com/performance-appraisal-software/,2020-12-16T22:45:04Z,daily,0.9
performance testing software ,https://www.capterra.com/performance-testing-software/,2020-12-16T22:45:04Z,daily,0.9
permit software ,https://www.capterra.com/permit-software/,2020-12-16T22:45:04Z,daily,0.9
personal trainer software ,https://www.capterra.com/personal-trainer-software/,2020-12-16T22:45:04Z,daily,0.9
personalization software ,https://www.capterra.com/personalization-software/,2020-12-16T22:45:04Z,daily,0.9
pest control software ,https://www.capterra.com/pest-control-software/,2020-12-16T22:45:04Z,daily,0.9
pet grooming software ,https://www.capterra.com/pet-grooming-software/,2020-12-16T22:45:04Z,daily,0.9
pet sitting software ,https://www.capterra.com/pet-sitting-software/,2020-12-16T22:45:04Z,daily,0.9
pharmacy software ,https://www.capterra.com/pharmacy-software/,2020-12-16T22:45:04Z,daily,0.9
photography studio software ,https://www.capterra.com/photography-studio-software/,2020-12-16T22:45:04Z,daily,0.9
physical security software ,https://www.capterra.com/physical-security-software/,2020-12-16T22:45:04Z,daily,0.9
physical therapy software ,https://www.capterra.com/physical-therapy-software/,2020-12-16T22:45:04Z,daily,0.9
pilates studio software ,https://www.capterra.com/pilates-studio-software/,2020-12-16T22:45:04Z,daily,0.9
pim software ,https://www.capterra.com/pim-software/,2020-12-16T22:45:04Z,daily,0.9
plagiarism checker software ,https://www.capterra.com/plagiarism-checker-software/,2020-12-16T22:45:04Z,daily,0.9
plastic surgery software ,https://www.capterra.com/plastic-surgery-software/,2020-12-16T22:45:04Z,daily,0.9
plumbing software ,https://www.capterra.com/plumbing-software/,2020-12-16T22:45:04Z,daily,0.9
plumbing estimating software ,https://www.capterra.com/plumbing-estimating-software/,2020-12-16T22:45:04Z,daily,0.9
podiatry software ,https://www.capterra.com/podiatry-software/,2020-12-16T22:45:04Z,daily,0.9
point of sale software ,https://www.capterra.com/point-of-sale-software/,2020-12-16T22:45:04Z,daily,0.9
policy management software ,https://www.capterra.com/policy-management-software/,2020-12-16T22:45:04Z,daily,0.9
political campaign software ,https://www.capterra.com/political-campaign-software/,2020-12-16T22:45:04Z,daily,0.9
polling software ,https://www.capterra.com/polling-software/,2020-12-16T22:45:04Z,daily,0.9
pool service software ,https://www.capterra.com/pool-service-software/,2020-12-16T22:45:04Z,daily,0.9
portal software ,https://www.capterra.com/portal-software/,2020-12-16T22:45:04Z,daily,0.9
ppc software ,https://www.capterra.com/ppc-software/,2020-12-16T22:45:04Z,daily,0.9
pre employment testing software ,https://www.capterra.com/pre-employment-testing-software/,2020-12-16T22:45:04Z,daily,0.9
predictive analytics software ,https://www.capterra.com/predictive-analytics-software/,2020-12-16T22:45:04Z,daily,0.9
predictive dialer software ,https://www.capterra.com/predictive-dialer-software/,2020-12-16T22:45:04Z,daily,0.9
presentation software ,https://www.capterra.com/presentation-software/,2020-12-16T22:45:04Z,daily,0.9
preventive maintenance software ,https://www.capterra.com/preventive-maintenance-software/,2020-12-16T22:45:04Z,daily,0.9
pricing optimization software ,https://www.capterra.com/pricing-optimization-software/,2020-12-16T22:45:04Z,daily,0.9
print estimating software ,https://www.capterra.com/print-estimating-software/,2020-12-16T22:45:04Z,daily,0.9
print management software ,https://www.capterra.com/print-management-software/,2020-12-16T22:45:04Z,daily,0.9
privileged access management software ,https://www.capterra.com/privileged-access-management-software/,2020-12-16T22:45:04Z,daily,0.9
procurement software ,https://www.capterra.com/procurement-software/,2020-12-16T22:45:04Z,daily,0.9
product configurator software ,https://www.capterra.com/product-configurator-software/,2020-12-16T22:45:04Z,daily,0.9
product data management software ,https://www.capterra.com/product-data-management-software/,2020-12-16T22:45:04Z,daily,0.9
product lifecycle management software ,https://www.capterra.com/product-lifecycle-management-software/,2020-12-16T22:45:04Z,daily,0.9
product management software ,https://www.capterra.com/product-management-software/,2020-12-16T22:45:04Z,daily,0.9
product roadmap software ,https://www.capterra.com/product-roadmap-software/,2020-12-16T22:45:04Z,daily,0.9
production scheduling software ,https://www.capterra.com/production-scheduling-software/,2020-12-16T22:45:04Z,daily,0.9
productivity software ,https://www.capterra.com/productivity-software/,2020-12-16T22:45:04Z,daily,0.9
professional services automation software ,https://www.capterra.com/professional-services-automation-software/,2020-12-16T22:45:04Z,daily,0.9
project management software ,https://www.capterra.com/project-management-software/,2020-12-16T22:45:04Z,daily,0.9
project planning software ,https://www.capterra.com/project-planning-software/,2020-12-16T22:45:04Z,daily,0.9
project portfolio management software ,https://www.capterra.com/project-portfolio-management-software/,2020-12-16T22:45:04Z,daily,0.9
project tracking software ,https://www.capterra.com/project-tracking-software/,2020-12-16T22:45:04Z,daily,0.9
proofreading software ,https://www.capterra.com/proofreading-software/,2020-12-16T22:45:04Z,daily,0.9
proposal management software ,https://www.capterra.com/proposal-management-software/,2020-12-16T22:45:04Z,daily,0.9
prototyping software ,https://www.capterra.com/prototyping-software/,2020-12-16T22:45:04Z,daily,0.9
public relations software ,https://www.capterra.com/public-relations-software/,2020-12-16T22:45:04Z,daily,0.9
public transportation software ,https://www.capterra.com/public-transportation-software/,2020-12-16T22:45:04Z,daily,0.9
public works software ,https://www.capterra.com/public-works-software/,2020-12-16T22:45:04Z,daily,0.9
publishing and subscriptions software ,https://www.capterra.com/publishing-and-subscriptions-software/,2020-12-16T22:45:04Z,daily,0.9
punch list software ,https://www.capterra.com/punch-list-software/,2020-12-16T22:45:04Z,daily,0.9
purchasing software ,https://www.capterra.com/purchasing-software/,2020-12-16T22:45:04Z,daily,0.9
push notifications software ,https://www.capterra.com/push-notifications-software/,2020-12-16T22:45:04Z,daily,0.9
qualitative data analysis software ,https://www.capterra.com/qualitative-data-analysis-software/,2020-12-16T22:45:04Z,daily,0.9
quality management software ,https://www.capterra.com/quality-management-software/,2020-12-16T22:45:04Z,daily,0.9
quoting software ,https://www.capterra.com/quoting-software/,2020-12-16T22:45:04Z,daily,0.9
radiology software ,https://www.capterra.com/radiology-software/,2020-12-16T22:45:04Z,daily,0.9
rdbms software ,https://www.capterra.com/rdbms-software/,2020-12-16T22:45:04Z,daily,0.9
real estate agency software ,https://www.capterra.com/real-estate-agency-software/,2020-12-16T22:45:04Z,daily,0.9
real estate cma software ,https://www.capterra.com/real-estate-cma-software/,2020-12-16T22:45:04Z,daily,0.9
real estate crm software ,https://www.capterra.com/real-estate-crm-software/,2020-12-16T22:45:04Z,daily,0.9
real estate property management software ,https://www.capterra.com/real-estate-property-management-software/,2020-12-16T22:45:04Z,daily,0.9
real estate transaction management software ,https://www.capterra.com/real-estate-transaction-management-software/,2020-12-16T22:45:04Z,daily,0.9
recruiting software ,https://www.capterra.com/recruiting-software/,2020-12-16T22:45:04Z,daily,0.9
recruiting agency software ,https://www.capterra.com/recruiting-agency-software/,2020-12-16T22:45:04Z,daily,0.9
recurring billing software ,https://www.capterra.com/recurring-billing-software/,2020-12-16T22:45:04Z,daily,0.9
recycling software ,https://www.capterra.com/recycling-software/,2020-12-16T22:45:04Z,daily,0.9
reference check software ,https://www.capterra.com/reference-check-software/,2020-12-16T22:45:04Z,daily,0.9
referral software ,https://www.capterra.com/referral-software/,2020-12-16T22:45:04Z,daily,0.9
registration software ,https://www.capterra.com/registration-software/,2020-12-16T22:45:04Z,daily,0.9
relocation software ,https://www.capterra.com/relocation-software/,2020-12-16T22:45:04Z,daily,0.9
remodeling estimating software ,https://www.capterra.com/remodeling-estimating-software/,2020-12-16T22:45:04Z,daily,0.9
remote desktop software ,https://www.capterra.com/remote-desktop-software/,2020-12-16T22:45:04Z,daily,0.9
remote monitoring and management software ,https://www.capterra.com/remote-monitoring-and-management-software/,2020-12-16T22:45:04Z,daily,0.9
remote patient monitoring software ,https://www.capterra.com/remote-patient-monitoring-software/,2020-12-16T22:45:04Z,daily,0.9
remote support software ,https://www.capterra.com/remote-support-software/,2020-12-16T22:45:04Z,daily,0.9
remote work software ,https://www.capterra.com/remote-work-software/,2020-12-16T22:45:04Z,daily,0.9
rental software ,https://www.capterra.com/rental-software/,2020-12-16T22:45:04Z,daily,0.9
rental property management software ,https://www.capterra.com/rental-property-management-software/,2020-12-16T22:45:04Z,daily,0.9
reporting software ,https://www.capterra.com/reporting-software/,2020-12-16T22:45:04Z,daily,0.9
reputation management software ,https://www.capterra.com/reputation-management-software/,2020-12-16T22:45:04Z,daily,0.9
requirements management software ,https://www.capterra.com/requirements-management-software/,2020-12-16T22:45:04Z,daily,0.9
reservations software ,https://www.capterra.com/reservations-software/,2020-12-16T22:45:04Z,daily,0.9
residential construction estimating software ,https://www.capterra.com/residential-construction-estimating-software/,2020-12-16T22:45:04Z,daily,0.9
resource management software ,https://www.capterra.com/resource-management-software/,2020-12-16T22:45:04Z,daily,0.9
restaurant management software ,https://www.capterra.com/restaurant-management-software/,2020-12-16T22:45:04Z,daily,0.9
restaurant pos software ,https://www.capterra.com/restaurant-pos-software/,2020-12-16T22:45:04Z,daily,0.9
retail management systems software ,https://www.capterra.com/retail-management-systems-software/,2020-12-16T22:45:04Z,daily,0.9
retail pos system software ,https://www.capterra.com/retail-pos-system-software/,2020-12-16T22:45:04Z,daily,0.9
retargeting software ,https://www.capterra.com/retargeting-software/,2020-12-16T22:45:04Z,daily,0.9
revenue management software ,https://www.capterra.com/revenue-management-software/,2020-12-16T22:45:04Z,daily,0.9
review management software ,https://www.capterra.com/review-management-software/,2020-12-16T22:45:04Z,daily,0.9
rfp software ,https://www.capterra.com/rfp-software/,2020-12-16T22:45:04Z,daily,0.9
risk management software ,https://www.capterra.com/risk-management-software/,2020-12-16T22:45:04Z,daily,0.9
robotic process automation software ,https://www.capterra.com/robotic-process-automation-software/,2020-12-16T22:45:04Z,daily,0.9
roofing software ,https://www.capterra.com/roofing-software/,2020-12-16T22:45:04Z,daily,0.9
route planning software ,https://www.capterra.com/route-planning-software/,2020-12-16T22:45:04Z,daily,0.9
saas management software ,https://www.capterra.com/saas-management-software/,2020-12-16T22:45:04Z,daily,0.9
safety management software ,https://www.capterra.com/safety-management-software/,2020-12-16T22:45:04Z,daily,0.9
sales coaching software ,https://www.capterra.com/sales-coaching-software/,2020-12-16T22:45:04Z,daily,0.9
sales enablement software ,https://www.capterra.com/sales-enablement-software/,2020-12-16T22:45:04Z,daily,0.9
sales engagement platform software ,https://www.capterra.com/sales-engagement-platform-software/,2020-12-16T22:45:04Z,daily,0.9
sales force automation software ,https://www.capterra.com/sales-force-automation-software/,2020-12-16T22:45:04Z,daily,0.9
sales forecasting software ,https://www.capterra.com/sales-forecasting-software/,2020-12-16T22:45:04Z,daily,0.9
sales tax software ,https://www.capterra.com/sales-tax-software/,2020-12-16T22:45:04Z,daily,0.9
salon software ,https://www.capterra.com/salon-software/,2020-12-16T22:45:04Z,daily,0.9
scada software ,https://www.capterra.com/scada-software/,2020-12-16T22:45:04Z,daily,0.9
scheduling software ,https://www.capterra.com/scheduling-software/,2020-12-16T22:45:04Z,daily,0.9
scholarship management software ,https://www.capterra.com/scholarship-management-software/,2020-12-16T22:45:04Z,daily,0.9
school accounting software ,https://www.capterra.com/school-accounting-software/,2020-12-16T22:45:04Z,daily,0.9
school administration software ,https://www.capterra.com/school-administration-software/,2020-12-16T22:45:04Z,daily,0.9
school bus routing software ,https://www.capterra.com/school-bus-routing-software/,2020-12-16T22:45:04Z,daily,0.9
screen recording software ,https://www.capterra.com/screen-recording-software/,2020-12-16T22:45:04Z,daily,0.9
screen sharing software ,https://www.capterra.com/screen-sharing-software/,2020-12-16T22:45:04Z,daily,0.9
scrum software ,https://www.capterra.com/scrum-software/,2020-12-16T22:45:04Z,daily,0.9
security system installer software ,https://www.capterra.com/security-system-installer-software/,2020-12-16T22:45:04Z,daily,0.9
self storage software ,https://www.capterra.com/self-storage-software/,2020-12-16T22:45:04Z,daily,0.9
seo software ,https://www.capterra.com/seo-software/,2020-12-16T22:45:04Z,daily,0.9
server backup software ,https://www.capterra.com/server-backup-software/,2020-12-16T22:45:04Z,daily,0.9
server management software ,https://www.capterra.com/server-management-software/,2020-12-16T22:45:04Z,daily,0.9
service desk software ,https://www.capterra.com/service-desk-software/,2020-12-16T22:45:04Z,daily,0.9
service dispatch software ,https://www.capterra.com/service-dispatch-software/,2020-12-16T22:45:04Z,daily,0.9
shipment tracking software ,https://www.capterra.com/shipment-tracking-software/,2020-12-16T22:45:04Z,daily,0.9
shipping software ,https://www.capterra.com/shipping-software/,2020-12-16T22:45:04Z,daily,0.9
shopping cart software ,https://www.capterra.com/shopping-cart-software/,2020-12-16T22:45:04Z,daily,0.9
siem software ,https://www.capterra.com/siem-software/,2020-12-16T22:45:04Z,daily,0.9
simulation software ,https://www.capterra.com/simulation-software/,2020-12-16T22:45:04Z,daily,0.9
single sign on software ,https://www.capterra.com/single-sign-on-software/,2020-12-16T22:45:04Z,daily,0.9
small business crm software ,https://www.capterra.com/small-business-crm-software/,2020-12-16T22:45:04Z,daily,0.9
small business ecommerce software ,https://www.capterra.com/small-business-ecommerce-software/,2020-12-16T22:45:04Z,daily,0.9
small business loyalty programs software ,https://www.capterra.com/small-business-loyalty-programs-software/,2020-12-16T22:45:04Z,daily,0.9
sms marketing software ,https://www.capterra.com/sms-marketing-software/,2020-12-16T22:45:04Z,daily,0.9
social crm tools software ,https://www.capterra.com/social-crm-tools-software/,2020-12-16T22:45:04Z,daily,0.9
social media analytics tools software ,https://www.capterra.com/social-media-analytics-tools-software/,2020-12-16T22:45:04Z,daily,0.9
social media management software ,https://www.capterra.com/social-media-management-software/,2020-12-16T22:45:04Z,daily,0.9
social media marketing software ,https://www.capterra.com/social-media-marketing-software/,2020-12-16T22:45:04Z,daily,0.9
social media monitoring software ,https://www.capterra.com/social-media-monitoring-software/,2020-12-16T22:45:04Z,daily,0.9
social networking software ,https://www.capterra.com/social-networking-software/,2020-12-16T22:45:04Z,daily,0.9
social selling software ,https://www.capterra.com/social-selling-software/,2020-12-16T22:45:04Z,daily,0.9
social work case management software ,https://www.capterra.com/social-work-case-management-software/,2020-12-16T22:45:04Z,daily,0.9
softphone software ,https://www.capterra.com/softphone-software/,2020-12-16T22:45:04Z,daily,0.9
source code management software ,https://www.capterra.com/source-code-management-software/,2020-12-16T22:45:04Z,daily,0.9
sourcing software ,https://www.capterra.com/sourcing-software/,2020-12-16T22:45:04Z,daily,0.9
spa software ,https://www.capterra.com/spa-software/,2020-12-16T22:45:04Z,daily,0.9
space management software ,https://www.capterra.com/space-management-software/,2020-12-16T22:45:04Z,daily,0.9
spc software ,https://www.capterra.com/spc-software/,2020-12-16T22:45:04Z,daily,0.9
speech analytics software ,https://www.capterra.com/speech-analytics-software/,2020-12-16T22:45:04Z,daily,0.9
speech recognition software ,https://www.capterra.com/speech-recognition-software/,2020-12-16T22:45:04Z,daily,0.9
speech therapy software ,https://www.capterra.com/speech-therapy-software/,2020-12-16T22:45:04Z,daily,0.9
spend management software ,https://www.capterra.com/spend-management-software/,2020-12-16T22:45:04Z,daily,0.9
sports league software ,https://www.capterra.com/sports-league-software/,2020-12-16T22:45:04Z,daily,0.9
spreadsheet software ,https://www.capterra.com/spreadsheet-software/,2020-12-16T22:45:04Z,daily,0.9
staffing agency software ,https://www.capterra.com/staffing-agency-software/,2020-12-16T22:45:04Z,daily,0.9
statistical analysis software ,https://www.capterra.com/statistical-analysis-software/,2020-12-16T22:45:04Z,daily,0.9
stock portfolio management software ,https://www.capterra.com/stock-portfolio-management-software/,2020-12-16T22:45:04Z,daily,0.9
store locator software ,https://www.capterra.com/store-locator-software/,2020-12-16T22:45:04Z,daily,0.9
strategic planning software ,https://www.capterra.com/strategic-planning-software/,2020-12-16T22:45:04Z,daily,0.9
student engagement platform software ,https://www.capterra.com/student-engagement-platform-software/,2020-12-16T22:45:04Z,daily,0.9
student information system software ,https://www.capterra.com/student-information-system-software/,2020-12-16T22:45:04Z,daily,0.9
subscription management software ,https://www.capterra.com/subscription-management-software/,2020-12-16T22:45:04Z,daily,0.9
succession planning software ,https://www.capterra.com/succession-planning-software/,2020-12-16T22:45:04Z,daily,0.9
supply chain management software ,https://www.capterra.com/supply-chain-management-software/,2020-12-16T22:45:04Z,daily,0.9
survey software ,https://www.capterra.com/survey-software/,2020-12-16T22:45:04Z,daily,0.9
sustainability software ,https://www.capterra.com/sustainability-software/,2020-12-16T22:45:04Z,daily,0.9
swim school software ,https://www.capterra.com/swim-school-software/,2020-12-16T22:45:04Z,daily,0.9
takeoff software ,https://www.capterra.com/takeoff-software/,2020-12-16T22:45:04Z,daily,0.9
talent management software ,https://www.capterra.com/talent-management-software/,2020-12-16T22:45:04Z,daily,0.9
task management software ,https://www.capterra.com/task-management-software/,2020-12-16T22:45:04Z,daily,0.9
tattoo studio software ,https://www.capterra.com/tattoo-studio-software/,2020-12-16T22:45:04Z,daily,0.9
tax practice management software ,https://www.capterra.com/tax-practice-management-software/,2020-12-16T22:45:04Z,daily,0.9
team communication software ,https://www.capterra.com/team-communication-software/,2020-12-16T22:45:04Z,daily,0.9
team management software ,https://www.capterra.com/team-management-software/,2020-12-16T22:45:04Z,daily,0.9
telecom expense management software ,https://www.capterra.com/telecom-expense-management-software/,2020-12-16T22:45:04Z,daily,0.9
telemarketing software ,https://www.capterra.com/telemarketing-software/,2020-12-16T22:45:04Z,daily,0.9
telemedicine software ,https://www.capterra.com/telemedicine-software/,2020-12-16T22:45:04Z,daily,0.9
telephony software ,https://www.capterra.com/telephony-software/,2020-12-16T22:45:04Z,daily,0.9
text mining software ,https://www.capterra.com/text-mining-software/,2020-12-16T22:45:04Z,daily,0.9
ticketing software ,https://www.capterra.com/ticketing-software/,2020-12-16T22:45:04Z,daily,0.9
time and expense software ,https://www.capterra.com/time-and-expense-software/,2020-12-16T22:45:04Z,daily,0.9
time clock software ,https://www.capterra.com/time-clock-software/,2020-12-16T22:45:04Z,daily,0.9
time tracking software ,https://www.capterra.com/time-tracking-software/,2020-12-16T22:45:04Z,daily,0.9
timeshare software ,https://www.capterra.com/timeshare-software/,2020-12-16T22:45:04Z,daily,0.9
tool management software ,https://www.capterra.com/tool-management-software/,2020-12-16T22:45:04Z,daily,0.9
tour operator software ,https://www.capterra.com/tour-operator-software/,2020-12-16T22:45:04Z,daily,0.9
towing software ,https://www.capterra.com/towing-software/,2020-12-16T22:45:04Z,daily,0.9
trade promotion management software ,https://www.capterra.com/trade-promotion-management-software/,2020-12-16T22:45:04Z,daily,0.9
training software ,https://www.capterra.com/training-software/,2020-12-16T22:45:04Z,daily,0.9
transactional email software ,https://www.capterra.com/transactional-email-software/,2020-12-16T22:45:04Z,daily,0.9
transcription software ,https://www.capterra.com/transcription-software/,2020-12-16T22:45:04Z,daily,0.9
translation management software ,https://www.capterra.com/translation-management-software/,2020-12-16T22:45:04Z,daily,0.9
transportation dispatch software ,https://www.capterra.com/transportation-dispatch-software/,2020-12-16T22:45:04Z,daily,0.9
transportation management software ,https://www.capterra.com/transportation-management-software/,2020-12-16T22:45:04Z,daily,0.9
travel agency software ,https://www.capterra.com/travel-agency-software/,2020-12-16T22:45:04Z,daily,0.9
travel management software ,https://www.capterra.com/travel-management-software/,2020-12-16T22:45:04Z,daily,0.9
treasury software ,https://www.capterra.com/treasury-software/,2020-12-16T22:45:04Z,daily,0.9
trucking software ,https://www.capterra.com/trucking-software/,2020-12-16T22:45:04Z,daily,0.9
trust accounting software ,https://www.capterra.com/trust-accounting-software/,2020-12-16T22:45:04Z,daily,0.9
tutoring software ,https://www.capterra.com/tutoring-software/,2020-12-16T22:45:04Z,daily,0.9
unified communications software ,https://www.capterra.com/unified-communications-software/,2020-12-16T22:45:04Z,daily,0.9
utility billing software ,https://www.capterra.com/utility-billing-software/,2020-12-16T22:45:04Z,daily,0.9
utility management systems software ,https://www.capterra.com/utility-management-systems-software/,2020-12-16T22:45:04Z,daily,0.9
ux software ,https://www.capterra.com/ux-software/,2020-12-16T22:45:04Z,daily,0.9
vacation rental software ,https://www.capterra.com/vacation-rental-software/,2020-12-16T22:45:04Z,daily,0.9
vdi software ,https://www.capterra.com/vdi-software/,2020-12-16T22:45:04Z,daily,0.9
vector graphics software ,https://www.capterra.com/vector-graphics-software/,2020-12-16T22:45:04Z,daily,0.9
vendor management software ,https://www.capterra.com/vendor-management-software/,2020-12-16T22:45:04Z,daily,0.9
venue management software ,https://www.capterra.com/venue-management-software/,2020-12-16T22:45:04Z,daily,0.9
veterinary software ,https://www.capterra.com/veterinary-software/,2020-12-16T22:45:04Z,daily,0.9
video conferencing software ,https://www.capterra.com/video-conferencing-software/,2020-12-16T22:45:04Z,daily,0.9
video editing software ,https://www.capterra.com/video-editing-software/,2020-12-16T22:45:04Z,daily,0.9
video interviewing software ,https://www.capterra.com/video-interviewing-software/,2020-12-16T22:45:04Z,daily,0.9
video making software ,https://www.capterra.com/video-making-software/,2020-12-16T22:45:04Z,daily,0.9
video management software ,https://www.capterra.com/video-management-software/,2020-12-16T22:45:04Z,daily,0.9
video marketing software ,https://www.capterra.com/video-marketing-software/,2020-12-16T22:45:04Z,daily,0.9
virtual classroom software ,https://www.capterra.com/virtual-classroom-software/,2020-12-16T22:45:04Z,daily,0.9
virtual data room software ,https://www.capterra.com/virtual-data-room-software/,2020-12-16T22:45:04Z,daily,0.9
virtual event software ,https://www.capterra.com/virtual-event-software/,2020-12-16T22:45:04Z,daily,0.9
virtual machine software ,https://www.capterra.com/virtual-machine-software/,2020-12-16T22:45:04Z,daily,0.9
virtual tour software ,https://www.capterra.com/virtual-tour-software/,2020-12-16T22:45:04Z,daily,0.9
virtualization software ,https://www.capterra.com/virtualization-software/,2020-12-16T22:45:04Z,daily,0.9
visitor management software ,https://www.capterra.com/visitor-management-software/,2020-12-16T22:45:04Z,daily,0.9
visual search software ,https://www.capterra.com/visual-search-software/,2020-12-16T22:45:04Z,daily,0.9
voip software ,https://www.capterra.com/voip-software/,2020-12-16T22:45:04Z,daily,0.9
volunteer management software ,https://www.capterra.com/volunteer-management-software/,2020-12-16T22:45:04Z,daily,0.9
voting software ,https://www.capterra.com/voting-software/,2020-12-16T22:45:04Z,daily,0.9
vpn software ,https://www.capterra.com/vpn-software/,2020-12-16T22:45:04Z,daily,0.9
vr software ,https://www.capterra.com/vr-software/,2020-12-16T22:45:04Z,daily,0.9
vulnerability management software ,https://www.capterra.com/vulnerability-management-software/,2020-12-16T22:45:04Z,daily,0.9
waitlist software ,https://www.capterra.com/waitlist-software/,2020-12-16T22:45:04Z,daily,0.9
waiver software ,https://www.capterra.com/waiver-software/,2020-12-16T22:45:04Z,daily,0.9
warehouse management software ,https://www.capterra.com/warehouse-management-software/,2020-12-16T22:45:04Z,daily,0.9
warranty management software ,https://www.capterra.com/warranty-management-software/,2020-12-16T22:45:04Z,daily,0.9
waste management software ,https://www.capterra.com/waste-management-software/,2020-12-16T22:45:04Z,daily,0.9
web analytics software ,https://www.capterra.com/web-analytics-software/,2020-12-16T22:45:04Z,daily,0.9
web conferencing software ,https://www.capterra.com/web-conferencing-software/,2020-12-16T22:45:04Z,daily,0.9
web to print software ,https://www.capterra.com/web-to-print-software/,2020-12-16T22:45:04Z,daily,0.9
webinar software ,https://www.capterra.com/webinar-software/,2020-12-16T22:45:04Z,daily,0.9
website builder software ,https://www.capterra.com/website-builder-software/,2020-12-16T22:45:04Z,daily,0.9
website monitoring software ,https://www.capterra.com/website-monitoring-software/,2020-12-16T22:45:04Z,daily,0.9
website optimization tools software ,https://www.capterra.com/website-optimization-tools-software/,2020-12-16T22:45:04Z,daily,0.9
whiteboard software ,https://www.capterra.com/whiteboard-software/,2020-12-16T22:45:04Z,daily,0.9
winery software ,https://www.capterra.com/winery-software/,2020-12-16T22:45:04Z,daily,0.9
wireframe software ,https://www.capterra.com/wireframe-software/,2020-12-16T22:45:04Z,daily,0.9
wireless expense management software ,https://www.capterra.com/wireless-expense-management-software/,2020-12-16T22:45:04Z,daily,0.9
work order software ,https://www.capterra.com/work-order-software/,2020-12-16T22:45:04Z,daily,0.9
workflow management software ,https://www.capterra.com/workflow-management-software/,2020-12-16T22:45:04Z,daily,0.9
workforce management software ,https://www.capterra.com/workforce-management-software/,2020-12-16T22:45:04Z,daily,0.9
worship software ,https://www.capterra.com/worship-software/,2020-12-16T22:45:04Z,daily,0.9
yard management software ,https://www.capterra.com/yard-management-software/,2020-12-16T22:45:04Z,daily,0.9
yoga studio software ,https://www.capterra.com/yoga-studio-software/,2020-12-16T22:45:04Z,daily,0.9
zoo software ,https://www.capterra.com/zoo-software/,2020-12-16T22:45:04Z,daily,0.9
